Product name,SKU (if any),Price (£),Category,Stock qty,Men's / Women's Health? (Men's / Women's / Both / No),Barcode GTIN (optional),Short description (optional - we can write)
EXAMPLE — Paracetamol 500mg (16 tablets),SP-PARA-500,2.99,Pain Relief,100,No,5012345678900,Fast-acting pain and fever relief
EXAMPLE — Men's Daily Multivitamin (60 caps),,12.99,Vitamins & Supplements,50,Men's,,High-strength daily multivitamin for men
EXAMPLE — Menopause Support Supplement (30 caps),,16.99,Vitamins & Supplements,40,Women's,,Botanical blend for menopause symptom support
,,,,,,,
,,,,,,,
,,,,,,,
,,,,,,,
,,,,,,,
,,,,,,,
,,,,,,,
,,,,,,,
,,,,,,,
,,,,,,,
,,,,,,,
,,,,,,,
,,,,,,,
,,,,,,,
,,,,,,,
,,,,,,,
,,,,,,,
