Type,SKU,Name,Published,In stock?,Stock,Regular price,Tax status,Tax class,Categories,Meta: _sp_regulation
simple,5712249127893,Weight Loss Treatment - Wegovy 2.4mg STEP 5,0,0,0,229.99,taxable,zero-rate,,P
simple,5060391847740,Dr. Organic Moroccan Argan Oil Body Wash 5L,0,0,0,47.99,taxable,,,No regulation
simple,0634158637711,Endo Complex 90 Capsules,0,0,0,38.99,taxable,,,No regulation
simple,5060203791872,"Terranova Ginkgo, Rhodiola & Choline Complex 100 Pack",0,0,0,33.99,taxable,,,No regulation
simple,0033984026766,Solgar Super Starflower Oil 1300mg 60 Softgels,0,0,0,29.99,taxable,,,No regulation
simple,5060018511573,KIKI Health Organic Acerola Powder 100g,0,0,0,28.49,taxable,zero-rate,,No regulation
simple,5017978000272,Probio 7 Kidskalm 28 Sachets,0,0,0,26.89,taxable,,,No regulation
simple,0634158970191,Mushrooms For Life Organic Lion's Mane Matcha Latte 110g,0,0,0,24.99,taxable,zero-rate,,No regulation
simple,0753950004085,Doctor's Best High Absorption Magnesium Powder 200g,0,0,0,23.99,taxable,,,No regulation
simple,5060018515823,KIKI Health Organic Vitamin C 50 Vegicaps,0,0,0,22.49,taxable,,,No regulation
simple,5031013108709,Higher Nature Super Potency Fish Oil 90 Capsules,0,0,0,21.89,taxable,,,No regulation
simple,5391500077865,Cleanmarine for Men 600mg Marine Gelcaps 60 Pack,0,0,0,20.09,taxable,,,No regulation
simple,5031013102387,Higher Nature Supergest 90 Capsules,0,0,0,19.95,taxable,,,No regulation
simple,5060552880982,Neubria Neubiotic Baby & Kid 30 Sachets,0,0,0,18.99,taxable,,,No regulation
simple,5407007650323,Bambaw Metal Safety Razor Black,0,0,0,18.39,taxable,,,No regulation
simple,5010123718220,Nicorette Freshmint 105 4mg Gums,0,0,0,17.79,taxable,reduced-rate,,GSL
simple,0033984027718,Solgar Ultimate B+C Complex 60 Tablets,0,0,0,16.99,taxable,,,No regulation
simple,5997372504135,VeloxA XL for Dogs 2 Chewable Tablets,0,0,0,16.29,taxable,,,No regulation
simple,5000223495558,Proshield Plus Skin Protectant 115g,0,0,0,15.99,taxable,,,No regulation
simple,5060332534449,Lindens Health + Nutrition Pro Bio Live Plus (+dietary fibre) 360 Capsules,0,0,0,15.19,taxable,,,No regulation
simple,5038580003789,Yankee Candle Fluffy Towels Large Jar 623g,0,0,0,14.99,taxable,,,No regulation
simple,5031013103018,Higher Nature Visualeyes 30 Capsules,0,0,0,14.45,taxable,,,No regulation
simple,0078522021230,Jason Invigorating Rosewater Body Wash 887ml,0,0,0,13.99,taxable,,,No regulation
simple,5055148412982,Lamberts Ashwagandha with Vitamin C Plus Zinc Complex 60 Capsules,0,0,0,13.39,taxable,,,No regulation
simple,4006000100272,Eucerin Urea Repair 5% Urea Gentle Shower Gel 400ml,0,0,0,12.99,taxable,,,No regulation
simple,5028392001363,Nutri Advanced Selenium 200mcg 60 Capsules,0,0,0,12.59,taxable,,,No regulation
simple,5055148400477,Lamberts Pure Fish Oil 1100mg (Epa 360mg/Dha 240mg) 60 Capsules,0,0,0,11.99,taxable,,,No regulation
simple,0886284905336,Pet Head Furtastic Spray 300ml,0,0,0,11.99,taxable,,,No regulation
simple,0033984000407,Solgar Alfalfa 600mg 100 Tablets,0,0,0,11.49,taxable,,,No regulation
simple,0017854106703,Baylis & Harding The Fuzzy Duck Winter Wonderland Fragrance Set,0,0,0,10.99,taxable,,,No regulation
simple,3614224084141,Lancaster Sun Sensitive Delicate Softening Body Milk SPF30 125ml,0,0,0,10.69,taxable,,,No regulation
simple,8809990007448,Skybottle Blue Agave Hand Cream 50ml,0,0,0,10.19,taxable,,,No regulation
simple,7643022211424,Shea Moisture Raw Shea Butter Moisture Shampoo 379ml,0,0,0,9.99,taxable,,,No regulation
simple,3574661656342,Aveeno Baby Dermexa Emollient Cream 150ml,0,0,0,9.79,taxable,,,No regulation
simple,5010605402449,SanatoGEN A-Z Complete Multivitamin,0,0,0,9.19,taxable,,,No regulation
simple,3600540305008,Garnier Ambre Solaire Kids Sensitive Sun Cream Lotion SPF50+ 200ml,0,0,0,8.99,taxable,,,No regulation
simple,5060391847924,Dr. Organic Coconut & Orange Shampoo & Conditioner Bar 75g,0,0,0,8.99,taxable,,,No regulation
simple,0074312002731,Nature's Bounty Multi-Digestive Enzymes 90 Caplets,0,0,0,8.59,taxable,,,No regulation
simple,3282770074062,Klorane Chamomile Conditioner 200ml,0,0,0,8.29,taxable,,,No regulation
simple,5054563908087,Voltarol 12 Hour Emugel 30g,0,0,0,7.99,taxable,,,GSL
simple,5025135120954,"Malibu 3 Pack SPF20 Dry Oil, SPF50 Dry Oil & Aloe After Sun",0,0,0,7.99,taxable,,,No regulation
simple,5060332535927,Lindens Health + Nutrition Coconut Oil 1000mg 90 Capsules,0,0,0,7.69,taxable,,,No regulation
simple,5023652960909,Nature's Aid MSM 1000mg 90 Tablets,0,0,0,7.49,taxable,,,No regulation
simple,5056369115928,W7 High Maintenance Essential Makeup Tools,0,0,0,7.09,taxable,,,No regulation
simple,0074312002557,Nature's Bounty Vitamin D3 25µg (1000IU) 100 Tablets,0,0,0,6.99,taxable,,,No regulation
simple,5054563097743,Sensodyne Repair & Protect Whitening Toothpaste 75ml,0,0,0,6.99,taxable,,,No regulation
simple,5056682200592,AquaSoothe 1% Menthol Aqueous Cream 100g,0,0,0,6.79,taxable,,,No regulation
simple,5060099030758,Odylique Honey & Oatmeal Cleansing Bar 100g,0,0,0,6.49,taxable,,,No regulation
simple,0672153908290,Woody's Activated Charcoal Soap 92g,0,0,0,6.29,taxable,,,No regulation
simple,5021044105273,Maybelline Baby It's Cold Outside Lip Balms 3 Pack,0,0,0,5.99,taxable,,,No regulation
simple,5014697010742,Witch Purifying Foaming Cleanser 150ml,0,0,0,5.99,taxable,,,No regulation
simple,8710522909423,Lynx Black Duo Gift Set,0,0,0,5.89,taxable,,,No regulation
simple,5011831097034,Mates Ultimate 3 in 1 Condoms 14 Pack,0,0,0,5.59,taxable,reduced-rate,,No regulation
simple,5011309089516,Care Virasoothe Chicken Pox Gel 50g,0,0,0,5.49,taxable,,,No regulation
simple,5016379400001,4head Stick 3.6g,0,0,0,5.29,taxable,,,GSL
simple,6284511682496,Neon Verifine Safety Lancets 23g X1.8mm 100 Pack,0,0,0,5.05,taxable,,,No regulation
simple,4005900895417,Nivea Double Effect Eye Make-Up Remover 125ml,0,0,0,4.99,taxable,,,No regulation
simple,8718951112742,Colgate Plax Fresh & Protect Cool Mint Mouthwash 1L,0,0,0,4.99,taxable,,,No regulation
simple,5011501016136,Deep Freeze Gel 100g,0,0,0,4.89,taxable,,,GSL
simple,3574660667769,Benylin Mucus Cough & Cold All in One 16 Tablets,0,0,0,4.79,taxable,,,GSL
simple,5038483677995,Scholl Dual Action Foot File Split,0,0,0,4.59,taxable,,,No regulation
simple,3600523708000,L'Oréal Men Expert Face Wash Pure Charcoal Anti Blackhead 100ml,0,0,0,4.49,taxable,,,No regulation
simple,3614227922792,Max Factor Lash Revival Volume Boosting Primer 11ml,0,0,0,4.29,taxable,,,No regulation
simple,5060519143266,Pukka Turmeric Gold Latte 90g,0,0,0,4.09,taxable,zero-rate,,No regulation
simple,5017007052302,Teva Fluconazole 150mg Capsule,0,0,0,3.99,taxable,,,P
simple,5025135120404,Malibu Carotene Dry Oil Gel SPF6 200ml,0,0,0,3.89,taxable,,,No regulation
simple,4770001335314,Ecodenta Multifunctional Fluoride Toothpaste 100 ml,0,0,0,3.79,taxable,,,No regulation
simple,5010441010877,Numark Chesty Cough Expectorant 200ml,0,0,0,3.59,taxable,,,P
simple,8711600357785,Lynx Africa 200ml,0,0,0,3.49,taxable,,,No regulation
simple,5060209732541,Epimax Moisturising Cream 100g,0,0,0,3.29,taxable,,,No regulation
simple,3600523167586,L'Oréal Studio Pro Lock It Fixing Hairspray Strong 400ml,0,0,0,3.19,taxable,,,No regulation
simple,5016379320019,Salactol Wart Paint 10ml,0,0,0,2.99,taxable,,,P
simple,8718951684119,Colgate Total Original Toothpaste 75ml,0,0,0,2.99,taxable,,,No regulation
simple,5010605240492,Diprobase Emollient Eczema Dry Skin Cream 50g,0,0,0,2.89,taxable,,,GSL
simple,3600522372639,L'Oréal Men Expert Shirt Protect 48H Anti-Perspirant Deodorant 50ml,0,0,0,2.79,taxable,,,No regulation
simple,4005900512130,Nivea Soft Mix & Match Happy Exotic 100ml,0,0,0,2.49,taxable,,,No regulation
simple,8809581077454,Beaudiani Pumpkin Mask 25ml,0,0,0,2.49,taxable,,,No regulation
simple,5025135111754,Malibu After Sun Insect Rep Lotion 200ml,0,0,0,2.29,taxable,,,No regulation
simple,8714100184943,Dove Pro Age Shampoo 400ml,0,0,0,2.19,taxable,,,No regulation
simple,4004148013188,Floradix Herbal Tea Yarrow 15 Teabags,0,0,0,1.99,taxable,zero-rate,,No regulation
simple,5017848249916,Bells Chesty Cough Oral Solution 200ml,0,0,0,1.99,taxable,,,GSL
simple,5012008722100,Soft & Gentle Citrus Twist Anti-perspirant 150ml,0,0,0,1.89,taxable,,,No regulation
simple,5012583203117,Right Guard Xtreme Invisible 72H Protection Antiperspirant 150ml,0,0,0,1.69,taxable,,,No regulation
simple,7610700001417,Ricola Honey Lemon & Echinacea 75g,0,0,0,1.59,taxable,,,No regulation
simple,8710908829925,Sure Men Dry Antiperspirant Deodorant 150ml,0,0,0,1.49,taxable,,,No regulation
simple,5025903022657,Careway Vapour Rub 50g,0,0,0,1.39,taxable,,,No regulation
simple,8710522648780,Alberto Balsam Coconut Milk & Sandalwood Shampoo 250ml,0,0,0,1.29,taxable,,,No regulation
simple,5022545069606,Frozen Hand Wash 300ml,0,0,0,1.19,taxable,,,No regulation
simple,5014749124373,CS Medic Knee Support Size M,0,0,0,1.09,taxable,,,No regulation
simple,5050895242530,Athena 4 in 1 Pedicure Tool,0,0,0,0.99,taxable,,,No regulation
simple,5011597001627,Coral Bath Sponge,0,0,0,0.69,taxable,,,No regulation
simple,5000347078828,NIQUITIN STEP 2-7 DAY PK GSL 14MG (7S),0,0,0,,taxable,,,No regulation
simple,3574661366258,Benylin Dry & Tickly Cough 300ml,0,0,0,,taxable,,,GSL
simple,8710908777769,DOVE 400ML B/LOTION GLOWING RITUAL LOTUS,0,0,0,,taxable,,,No regulation
simple,5060320560016,SUNVIT-D3 20000IU DD0500 (28),0,0,0,,taxable,,,No regulation
simple,0017854118102,Baylis & Harding Black Pepper & Ginseng Men's Luxury Mini Trio Gift Set,0,0,0,,taxable,,,No regulation
simple,4042809016758,WRIST BRACE L ACTIMOVE 7281945 LGE,0,0,0,,taxable,,,No regulation
simple,3701056803696,Puressentiel Kids Acti Pure Syrup 125ml,0,0,0,,taxable,,,No regulation
simple,4064665092905,OPI INFINITE SHINE 2.0 15ML NAIL POLISH THE FUTURE IS YOU,0,0,0,,taxable,,,No regulation
simple,8886467000799,"Vaseline Deo Spray 250ml Aloe SensitiveUK,DE,FR,NL,ES,IT",0,0,0,,taxable,,,No regulation
